franzTobiasDLR <tobias.franz@dlr.de>			franzTobiasDLR <49645871+franzTobiasDLR@users.noreply.github.com>
franzTobiasDLR <tobias.franz@dlr.de>			Tobias Franz <tobias.franz@dlr.de>
franzTobiasDLR <tobias.franz@dlr.de>			fran_tb <fran_tb@SC-010209.intra.dlr.de>
franzTobiasDLR <tobias.franz@dlr.de>			fran_tb <fran_tb@SC-010273.intra.dlr.de>

PhilMFischer <philipp.fischer@dlr.de>			Philipp M. Fischer <35496033+PhilMFischer@users.noreply.github.com>
PhilMFischer <philipp.fischer@dlr.de>			Philipp M. Fischer <philipp.fischer@dlr.de>

dellerDLR <Dennis.Eller@dlr.de>					Eller, Dennis <Dennis.Eller@dlr.de>
dellerDLR <Dennis.Eller@dlr.de>					elle_de <elle_de@SC-010259.intra.dlr.de>
dellerDLR <Dennis.Eller@dlr.de>					Dennis Eller <dennis.eller@dlr.de>
dellerDLR <Dennis.Eller@dlr.de>					Eller <dennis.eller@dlr.de>
dellerDLR <Dennis.Eller@dlr.de>					Dennis Eller <95470420+dellerDLR@users.noreply.github.com>

DimitriDiantos <dimitri.ngatchapokouane@dlr.de>	ngat_di <ngat_di@SC-010199.intra.dlr.de>
DimitriDiantos <dimitri.ngatchapokouane@dlr.de>	Dimitri Ngatcha Pokouane <85398210+DimitriDiantos@users.noreply.github.com>

pchrszon-dlr <Philipp.Chrszon@dlr.de>			Chrszon, Philipp <Philipp.Chrszon@dlr.de>
